{
  "translations": {
    "Enter a valid email": "Enter a valid email",
    "Email is required": "Email is required",
    "Password is required": "Password is required",
    "Activate Account": "Activate Account",
    "Enter your credentials to activate your account": "Enter your credentials to activate your account",
    "Email Address": "Email Address",
    "Password": "Password",
    "Activate My Account": "Activate My Account",
    "Already activated?": "Already activated?",
    "Login here": "Login here",
    "This field is required": "This field is required",
    "Add card": "Add card",
    "Card Type": "Card Type",
    "Activation Code": "Activation Code",
    "Card name": "Card name",
    "Card notes": "Card notes",
    "Submit": "Submit",
    "Password must be at least 6 characters": "Password must be at least 6 characters",
    "Passwords do not match": "Passwords do not match",
    "Change password": "Change password",
    "Type in your old password and the new password": "Type in your old password and the new password",
    "Current Password": "Current Password",
    "New Password": "New Password",
    "Confirm password": "Confirm password",
    "Edit profile": "Edit profile",
    "Input new data for your profile": "Input new data for your profile",
    "First Name": "First Name",
    "Last Name": "Last Name",
    "Mobile number": "Mobile number",
    "Address": "Address",
    "City": "City",
    "Zip": "Zip",
    "Country": "Country",
    "Enter your email address": "Enter your email address",
    "Remembered password?": "Remembered password?",
    "Log in": "Log in",
    "Remember me": "Remember me",
    "Forgotten password?": "Forgotten password?",
    "Enroll Here": "Enroll Here",
    "Selected Product": "Selected Product",
    "Product": "Product",
    "Valid": "Valid",
    "Amount": "Amount",
    "Card Product": "Card Product",
    "Make Payment": "Make Payment",
    "View Profile": "View Profile",
    "View Products": "View Products",
    "Logout": "Logout",
    "Email addresses do not match": "Email addresses do not match",
    "Confirm Email is required": "Confirm Email is required",
    "Confirm password is required": "Confirm password is required",
    "You must agree to the terms and conditions!": "You must agree to the terms and conditions!",
    "First name is too short!": "First name is too short!",
    "First name is too long!": "First name is too long!",
    "Last name is too short!": "Last name is too short!",
    "Last name is too long!": "Last name is too long!",
    "Please enter a valid phone number. e.g +243 04 004 0495 or +1 34 343 343 or +200 093-039-3094": "Please enter a valid phone number. e.g +243 04 004 0495 or +1 34 343 343 or +200 093-039-3094",
    "Phone number is too short!": "Phone number is too short!",
    "Phone number is too long!": "Phone number is too long!",
    "Register Person": "Register Person",
    "Confirm Email Address": "Confirm Email Address",
    "I agree with the Terms and Conditions of this service": "I agree with the Terms and Conditions of this service",
    "Terms and Conditions": "Terms and Conditions",
    "Already registered?": "Already registered?",
    "Reset password": "Reset password",
    "Remove card": "Remove card",
    "Buy Ticket": "Buy Ticket",
    "Available Products for": "Available Products for",
    "Language": "Language",
    "Select Card Type": "Select Card Type"
  }
}
